{"appName":"DK Movies ","appIconPath":"file_00000000208c622fadbd7627be15c438.png","splashPath":"favicon.png","packageName":"com.mycomapny.dkmovies ","versionName":"1.0.0","versionCode":1,"isFullscreen":false,"isHideTitleBar":false,"titleBarBackgroundColor":"#3F51B5","isAllowLongClick":true,"isShowLoadingUI":true,"isAllowZoom":true,"isPCMode":true,"isAllowAutoplay":false,"homePage":"index.html","withPHPEnv":true,"PHPPort":57249,"isAllowSwipeRefresh":true,"isAllowCamera":false,"isAllowMicrophone":true,"screenRotationMethod":0}